cytokine,treatment,donor_1_modz,donor_2_modz,donor_3_modz
vegf,D17,-0.403818274,-0.03050323,-1.03687511
vegf,1771,0.053240332,-0.930016855,-1.393076096
vegf,17CM98 ,-0.267293612,-0.187519858,-1.088952053
vegf,Abrams,-0.208858853,-0.257476246,-0.645058107
vegf,Bliley,-0.474335946,-0.041728909,-0.931680296
vegf,CLL1390,-0.112705813,-0.930016855,-1.02525143
vegf,CML-10C2,0,-0.741292788,-0.952233493
vegf,CML-6M,2.986081528,1.07680791,-0.593450601
vegf,CMT12,2.20264142,0.138422822,-0.375407102
vegf,CMT27,2.20264142,-0.156710473,-0.602574016
vegf,CTAC,4.13344793,0.6745,-0.854896655
vegf,DEN,3.713362627,0.413533589,-0.654130496
vegf,DH82,2.324368596,1.065020947,-0.039698082
vegf,Gracie,1.057856923,-0.03330965,-0.381601636
vegf,HMPOS,2.685590523,0.365110093,-0.572132017
vegf,Jones,8.081712985,2.092303205,0.277835545
vegf,MacKinley,5.571916588,0.602492374,-0.412533483
vegf,Nike,3.64245716,2.791448672,0.036687559
vegf,Moresco,8.450578577,-0.360905566,-0.291469642
vegf,OS2.4,5.95797788,1.533876721,-0.455711524
vegf,OSA8,3.815067275,1.521763193,-0.131483312
vegf,Parks,3.937763942,0.680265917,-0.269620389
vegf,STSA-1,3.361284527,1.07680791,0.123084463
vegf,Vogel,2.118928473,1.094503661,-0.514064643
vegf,Yamane,2.608888522,0.631260727,-0.651109768
vegf,Ctrl,2.484984796,-0.277050892,-0.071416965
il.8,D17,0.188278552,1.107520891,0.982430362
il.8,1771,0.227041783,-0.901442897,-1.651986072
il.8,17CM98 ,0.147735376,-0.011075209,1.495350975
il.8,Abrams,0.06793454,3.867818942,1.410408078
il.8,Bliley,0,0.022842618,1.196221448
il.8,CLL1390,-0.003559889,-0.181752089,-0.37991922
il.8,CML-10C2,-0.133693593,0.155250696,0.639098886
il.8,CML-6M,0.07218663,0.183235376,2.399266017
il.8,CMT12,-0.120937326,0.424417827,2.172224234
il.8,CMT27,-0.096413649,-1.132143454,1.624396936
il.8,CTAC,-0.520534819,1.341286908,-0.500263231
il.8,DEN,-0.261157382,1.112564067,-0.019579387
il.8,DH82,-0.775759053,0.820850975,0.072483287
il.8,Gracie,-0.567604457,-0.726513928,1.915615599
il.8,HMPOS,-0.322862117,0.433614206,-0.54614624
il.8,Jones,-0.509064067,0.74055571,0.076339833
il.8,MacKinley,-0.136066852,0.716229805,-0.500461003
il.8,Nike,-0.093941504,1.581876045,0.73116156
il.8,Moresco,-0.187388579,-1.604520891,0.803743733
il.8,OS2.4,-0.967993036,-0.134286908,-0.872667131
il.8,OSA8,-1.505733983,0.417495822,-0.6745
il.8,Parks,-0.556034819,0.914199164,1.61866156
il.8,STSA-1,-1.354735376,-1.016150418,1.13036351
il.8,Vogel,-1.979594708,0.298832869,-0.712867688
il.8,Yamane,-1.829683844,0.820653203,-0.738973538
il.8,Ctrl,-1.908891365,-0.518655989,0.175225627
kc.like,D17,2.072259036,2.86053012,0.284427711
kc.like,1771,2.787391566,0.893915663,-2.492805723
kc.like,17CM98 ,0.625740964,3.079945783,-0.04063253
kc.like,Abrams,0.926421687,5.526024096,0.845156627
kc.like,Bliley,1.86096988,-2.543758916,0
kc.like,CLL1390,2.559849398,-2.606983133,-1.140311325
kc.like,CML-10C2,0.479463855,-0.917076205,-0.397873735
kc.like,CML-6M,1.040192771,-1.291139277,0.926421687
kc.like,CMT12,0.991433735,-0.609813012,0.585108434
kc.like,CMT27,2.218536145,-3.111557892,0.536349398
kc.like,CTAC,0.195036145,0.381945783,-1.775560301
kc.like,DEN,0.666373494,-0.618914699,-0.075088916
kc.like,DH82,0.495716867,-0.159035723,0.308807229
kc.like,Gracie,0.893915663,0.333186747,0.325060241
kc.like,HMPOS,0.63386747,-0.294098253,-1.425226627
kc.like,Jones,0.690753012,-0.129699036,-0.575356627
kc.like,MacKinley,0.6745,-0.255741145,-1.628226747
kc.like,Nike,1.527783133,-0.142782711,-0.393322892
kc.like,Moresco,0.381945783,-3.539580964,-0.689615301
kc.like,OS2.4,-0.184471687,-0.33757506,-0.420546687
kc.like,OSA8,0.788271084,-0.910981325,0.251921687
kc.like,Parks,1.332746988,-0.268012169,0.430704819
kc.like,STSA-1,-2.243484518,-2.168476867,0.024379518
kc.like,Vogel,-3.310819819,-0.137988072,-0.279551807
kc.like,Yamane,-1.516162229,-0.083621747,-0.874412048
kc.like,Ctrl,-3.256047169,-1.895588795,-0.556340602
il.10,D17,0.161798199,-0.753835251,-0.50572463
il.10,1771,0.692724853,-0.623133583,-0.866432361
il.10,17CM98 ,1.502377475,5.427036383,-0.404976681
il.10,Abrams,1.664175673,7.484098983,0.039036071
il.10,Bliley,1.224674024,-0.800028937,-0.470538033
il.10,CLL1390,-0.17334662,-0.679251694,-0.678710362
il.10,CML-10C2,0.019487961,11.24335081,-0.6745
il.10,CML-6M,0.918941591,36.15064972,-0.302544587
il.10,CMT12,3.25226409,10.48548564,0.366121054
il.10,CMT27,2.569102773,3.474631354,0.198668941
il.10,CTAC,-0.243358926,0.227239255,-0.74102372
il.10,DEN,0.226697922,1.648176297,-0.628847646
il.10,DH82,0.350001382,9.312599073,-0.118972802
il.10,Gracie,-0.140205056,5.553347245,-0.18555667
il.10,HMPOS,1.02792982,-0.541392411,-0.779999643
il.10,Jones,-0.53134769,0.195481095,-0.739219279
il.10,MacKinley,0.249915062,-0.409728375,-0.80117175
il.10,Nike,1.432846353,117.753481,0
il.10,Moresco,0.298815409,-0.924956394,-0.639493847
il.10,OS2.4,-0.236321607,-0.02045033,-0.824990369
il.10,OSA8,0.476913724,117.753481,-0.416224362
il.10,Parks,0.040780364,1.518617442,-0.618381889
il.10,STSA-1,-0.407262306,3.488705993,-0.310544275
il.10,Vogel,-0.742226681,1.812861602,-0.643583913
il.10,Yamane,-0.542414928,3.136118245,-0.693326333
il.10,Ctrl,-0.775007357,-0.479740681,-0.619945737
ccl2,D17,-0.811718958,0.698164725,-0.1463621
ccl2,1771,-0.903686905,0.824875344,-0.36457994
ccl2,17CM98 ,-0.800886784,0.498017488,0.121405057
ccl2,Abrams,-0.754120882,0.744439988,0.719057285
ccl2,Bliley,-0.731046344,0.954245014,0.755456491
ccl2,CLL1390,-0.774207669,0.950731409,0.118896127
ccl2,CML-10C2,-0.6745,0.357881127,0.620943584
ccl2,CML-6M,-0.503880758,0.612106552,-0.0660677
ccl2,CMT12,-0.522255491,0.402131981,0.294876564
ccl2,CMT27,-0.571714947,0.83047295,0.535442309
ccl2,CTAC,-0.610244645,1.815674533,-0.41053744
ccl2,DEN,-0.411696888,1.360028606,-0.007030759
ccl2,DH82,-0.793293402,1.173412217,0.589928817
ccl2,Gracie,-1.049864692,0.828232529,0.584627428
ccl2,HMPOS,-0.710433804,3.192683953,-0.109257947
ccl2,Jones,-0.534998685,1.41436026,-0.214079225
ccl2,MacKinley,-0.923482336,1.395234467,-0.464071181
ccl2,Nike,-0.725849077,0.245771136,-0.091516341
ccl2,Moresco,-0.396406225,0.819289208,0
ccl2,OS2.4,-0.632064909,2.268720656,-0.005470765
ccl2,OSA8,-0.748399962,0.260059876,0.518961221
ccl2,Parks,-0.840313253,2.217695159,0.363004126
ccl2,STSA-1,-1.021589219,2.057203424,0.568803427
ccl2,Vogel,-1.129356557,2.277592402,-0.610393163
ccl2,Yamane,-1.083366129,1.5103892,-0.203676593
ccl2,Ctrl,-1.110884361,1.091099152,-0.048639654
tnf.a,D17,-0.282108914,-0.71149789,-0.509432489
tnf.a,1771,0.536469409,-0.697267932,-0.6745
tnf.a,17CM98 ,0.127002373,4.654619198,-0.36072943
tnf.a,Abrams,0,8.524811973,0.576313291
tnf.a,Bliley,0.223410338,-0.682682226,-0.349701213
tnf.a,CLL1390,-0.567419568,-0.682682226,-0.6745
tnf.a,CML-10C2,-0.586985759,7.748212025,-0.6745
tnf.a,CML-6M,0.029882911,10.48249842,0.569554061
tnf.a,CMT12,1.447542458,6.191454641,2.558546414
tnf.a,CMT27,0.679480485,1.806137395,1.660991825
tnf.a,CTAC,-0.6577798,0.150126055,-0.6745
tnf.a,DEN,1.573121835,1.839222046,-0.6745
tnf.a,DH82,0.442551688,7.808689346,1.928515032
tnf.a,Gracie,-0.359662184,7.481756065,-0.119175897
tnf.a,HMPOS,1.162943302,-0.091783228,-0.6745
tnf.a,Jones,-0.563506329,0.481684072,-0.6745
tnf.a,MacKinley,0.572400053,-0.471011603,-0.6745
tnf.a,Nike,0.640348101,34.61615111,1.127368407
tnf.a,Moresco,-0.007470728,-0.682682226,-0.595879483
tnf.a,OS2.4,-0.70473866,0.577380538,-0.6745
tnf.a,OSA8,0.377449631,47.88985575,-0.198152162
tnf.a,Parks,-0.336538502,1.572410338,-0.61046519
tnf.a,STSA-1,-0.344364979,2.553565928,1.189268724
tnf.a,Vogel,-0.71825712,1.812896624,-0.6745
tnf.a,Yamane,-0.571332806,2.56637289,-0.6745
tnf.a,Ctrl,-0.673432753,-0.682682226,-0.6745
tgf.b,D17,-0.474144617,-0.068293215,3.39835663
tgf.b,1771,-0.272063872,-0.294601376,1.093070199
tgf.b,17CM98 ,0.413556973,0.298034424,1.235625876
tgf.b,Abrams,0.483105392,1.188033983,0.205971674
tgf.b,Bliley,-0.068293215,2.080060418,0.228957585
tgf.b,CLL1390,-0.045549196,1.958111638,0.62272567
tgf.b,CML-10C2,2.006839529,2.251507303,-1.178417978
tgf.b,CML-6M,1.909452863,-0.339613605,1.594872272
tgf.b,CMT12,0.298034424,0.951178756,2.67131198
tgf.b,CMT27,-0.496492196,0.114227646,-0.272063872
tgf.b,CTAC,-0.696653606,0.114227646,0
tgf.b,DEN,-0.13640242,-0.829115325,-1.859052343
tgf.b,DH82,-0.474144617,-1.026310061,-2.533852593
tgf.b,Gracie,0.16005965,-0.807093392,-0.6745
tgf.b,HMPOS,0.576108401,-0.851115125,-1.35087114
tgf.b,Jones,1.958111638,-0.204326388,0.091341759
tgf.b,MacKinley,1.354924246,0.739603995,2.970515866
tgf.b,Nike,0.205971674,-0.045549196,-0.249505512
tgf.b,Moresco,-0.294601376,-0.294601376,-0.740895329
tgf.b,OS2.4,-0.045549196,-1.026310061,-0.916981176
tgf.b,OSA8,-0.474144617,-1.307897882,-0.607908842
tgf.b,Parks,0.62272567,-1.069883541,-0.829115325
tgf.b,STSA-1,1.474674427,-0.181705725,-1.606714595
tgf.b,Vogel,4.604510085,0,0.205971674
tgf.b,Yamane,2.547340389,2.497867689,1.235625876
tgf.b,Ctrl,0.974782498,1.667203949,2.300644251
